date,title,author,column,word_count,issue_number,href
20250501,坚持自立自强　牢牢掌握人工智能发展和治理主动权,本报记者　李晓东,人邮时评,1750,08572,20250501_001_01_9980.html
20250501,机器人“灵犀”说相声（图片）,,,208,08572,20250501_001_02_6072.html
20250501,逐梦工信青春路　淬炼担当绽芳华,本报记者　张金然,,3328,08572,20250501_001_03_8962.html
20250501,民营经济促进法5月20日起施行,记者　吴皓琨,,515,08572,20250501_001_04_2222.html
20250501,李乐成任工业和信息化部部长,,,104,08572,20250501_001_05_465.html
20250501,中国电信党组举办深入贯彻中央八项规定精神学习教育读书班,记者　殿欣,锲而不舍落实中央八项规定精神,1134,08572,20250501_001_06_591.html
20250501,中国移动与重庆市、新疆维吾尔自治区、阿里云共同推动“疆算入渝”工程建设,记者　宜欣,,375,08572,20250501_001_07_340.html
20250501,图片新闻,,,256,08572,20250501_001_08_205.html
20250501,敬告读者,,,29,08572,20250501_001_09_8424.html
20250501,云网筑基　数智赋能　共谱数字中国建设新篇章,殿欣,,1712,08572,20250501_002_01_4164.html
20250501,建协同创新体系　促人工智能焕“新”向“实”,宜欣,,1634,08572,20250501_002_02_8840.html
20250501,深化数智融合创新　服务数字中国建设,连欣,,729,08572,20250501_002_03_5738.html
20250501,2024年全国数据生产量达41.06ZB　同比增长25％,记者　苏德悦,,763,08572,20250501_002_04_4890.html
20250501,图片新闻,,,615,08572,20250501_002_05_7262.html
20250501,第八届数字中国建设峰会·智能云生态大会成功举办（附图片）,汪佳琪　刘贤霖,,2904,08572,20250501_003_01_8813.html
20250501,中国联通以新质网络勾勒数字中国未来图景（附图片）,礼乐　常诗纯　王欢　吴亭　曹可煊,,3267,08572,20250501_004_01_7510.html
20250501,图说展区亮点（图片）,,,694,08572,20250501_004_02_3002.html
20250501,“五一”假期火热开启！5G伴你“智慧出游”（附图片）,伍树　李瑞璐　汪劼　张小伟　韦昱寰　车日丹　尤金潇　杨胜　耿建训　王斌　李琳琳,,4353,08572,20250501_005_01_2883.html
20250501,云计算领域的探索者　新质生产力的实践者（附图片）,佟欣,电信的力量　全国劳动模范剪影,1985,08572,20250501_006_01_1965.html
20250501,从“自找苦吃”到“硕果满枝”（附图片）,马骏,电信的力量　全国劳动模范剪影,1732,08572,20250501_006_02_4765.html
20250501,数字浪潮中的“急先锋”（附图片）,田晨捷　顾瑾,电信的力量　全国劳动模范剪影,2046,08572,20250501_006_03_6641.html
20250501,擦亮作风建设这张“金色名片”,徐风娟,锲而不舍落实中央八项规定精神,1546,08572,20250501_007_01_883.html
20250501,图片新闻,,,226,08572,20250501_007_02_5891.html
20250501,逐梦工信青春路　淬炼担当绽芳华,本报记者　张金然,,3328,08572,20250501_007_03_4956.html
20250501,浙江管局“学查改促”贯彻中央八项规定精神,陈灵刚,党建动态,659,08572,20250501_007_04_9751.html
20250501,新乡电信多举措打造高素质纪检干部队伍,尤志一,党建动态,487,08572,20250501_007_05_7520.html
20250501,池州移动“四强化”提升廉洁防控水平,梁肖肖　李召　钱慧艳,党建动态,718,08572,20250501_007_06_8785.html
20250501,淮北铁塔以三项制度推动党业有机融合,蔡明,党建动态,613,08572,20250501_007_07_7851.html
20250501,国际电信联盟无线电通信部门第四研究组相关工作组会议在上海开幕（附图片）,帅又榕,,494,08572,20250501_008_01_5438.html
20250501,南平市无管局保障福建省文旅经济发展大会无线电安全,白静波,,872,08572,20250501_008_02_9479.html
20250501,2024年度地面无线电业务行政许可“双随机、一公开”检查结果公布,吴宣,,403,08572,20250501_008_03_460.html
20250501,山西省工信厅开展手机信号放大器、屏蔽器专项治理,康文林,,656,08572,20250501_008_04_7467.html
20250501,砺“监测尖兵”　护“电波长空”（附图片）,本报记者　帅又榕,,3397,08572,20250501_008_05_455.html
20250507,工信部组织开展电信业务“明白办、放心用”行动,布轩,,979,08573,20250507_001_01_1553.html
20250507,一季度我国规上电子信息制造业增加值同比增长11.5％,记者　宗文,,652,08573,20250507_001_02_4270.html
20250507,我在渔乡护“网”（图片）,,,226,08573,20250507_001_03_5982.html
20250507,数智力量涌动　引领创新发展大潮,本报记者　苏德悦,,1380,08573,20250507_001_04_991.html
20250507,中国移动与重庆大学签署战略合作协议,记者　宜欣,,289,08573,20250507_001_05_279.html
20250507,七部门发布《终端设备直连卫星服务管理规定》,宗文,,648,08573,20250507_001_06_9898.html
20250507,浙江开展互联网基础管理2025“固源”行动,记者　陈灵刚,,674,08573,20250507_001_07_6199.html
20250507,辽宁推进“5G+工业互联网”512工程升级,通讯员　韩宁　记者　李世民,,528,08573,20250507_001_08_6036.html
20250507,向新而行　信号升格让旅途更美好,王欢　范天伟　罗晓娜　刘孜婧,,2641,08573,20250507_002_01_8448.html
20250507,数智赋能茶园　“云”上飘来满溢茶香（图片）,,,256,08573,20250507_002_02_685.html
20250507,聊城联通绘就“江北水城”智慧文旅新图景,陈金岭,,1035,08573,20250507_002_03_3419.html
20250507,安徽电信助力全省AI辅助办案系统上线,陈瑞　白宁　胡龙华　徐赛,八面来风,596,08573,20250507_002_04_2049.html
20250507,池州铁塔“五四护桩行动”疏解民生痛点,杨凯,八面来风,552,08573,20250507_002_05_8850.html
20250507,湖南邵东移动“智慧体育”项目让“阳光运动”深入校园,宁文彬　李宁梓,八面来风,499,08573,20250507_002_06_5383.html
20250507,克州联通保障新疆“百年足球村”联赛,柯漫　黎川疆,八面来风,666,08573,20250507_002_07_644.html
20250507,数字移动通信与数字中国的“数字”基因,中移互联网有限公司副总经理　庄仁峰,企业声音,1586,08573,20250507_003_01_8822.html
20250507,聊城联通筑牢森林防火“智慧屏障”,陈金岭,,633,08573,20250507_003_02_7028.html
20250507,乌鲁木齐天山机场实现5G-A全覆盖,记者　喻瑛,,1033,08573,20250507_003_03_9870.html
20250507,图片新闻,,,241,08573,20250507_003_04_6325.html
20250507,福建移动落地5G-A4CC方案,记者　王柳欣,,1276,08573,20250507_003_05_8148.html
20250507,北京移动启动千个社区万兆网络覆盖工程,记者　杨子怡,基层一线,761,08573,20250507_003_06_5271.html
20250507,湖北移动云电脑助力基层医疗机构提质增效,记者　王政,基层一线,849,08573,20250507_003_07_8048.html
20250507,廊坊联通打造长效管护平台赋能农村厕所革命,通讯员　郝学萍　记者　崔哲,基层一线,567,08573,20250507_003_08_4124.html
20250507,联通“搭桥人”用真心跑出业务“加速度”,宫明,服务之星,921,08573,20250507_004_01_7103.html
20250507,江苏沭阳电信营业厅里话保密（图片）,,,219,08573,20250507_004_02_4319.html
20250507,山东移动打造全省首家爱心助残营业厅,陈珂　刘鹏,,673,08573,20250507_004_03_2233.html
20250507,阜阳铁塔多元暖“新”举措服务新就业群体,唐伟　刘雪艳,,762,08573,20250507_004_04_7202.html
20250507,生活“数智路”越走越宽,冯雅令,各抒己见,988,08573,20250507_004_05_6938.html
20250507,在看不清的世界里做你的眼睛,周泥吟,服务故事,789,08573,20250507_004_06_4364.html
20250507,呼和浩特移动以AI重构政务服务“智”高点,高昕　王雅伦,,840,08573,20250507_004_07_7017.html
20250507,荆州联通“客户日”走进社区绘就安全智慧新图景,王纯,,756,08573,20250507_004_08_3249.html
20250508,“明白办、放心用”，把群众关心的事办好,本报记者　韩永军,人邮时评,1680,08574,20250508_001_01_594.html
20250508,一季度我国软件业收入、利润均保持两位数增长,宗和,,738,08574,20250508_001_02_9222.html
20250508,“三型”堡垒基站助力网络能力再提升（图片）,,,273,08574,20250508_001_03_8487.html
20250508,“五一”假期全国通信网络运行平稳　保障服务有力,布轩,,1253,08574,20250508_001_04_5731.html
20250508,中央网信办开展“清朗·整治AI技术滥用”专项行动,记者　临江,,881,08574,20250508_001_05_9722.html
20250508,运营商“五一”大数据：出游需求旺盛　消费提质升级,记者　张鸣　武聪　郭佳,,802,08574,20250508_001_06_400.html
20250508,“五一”假期全国快递业务量创历史同期新高,记者　李玥,,634,08574,20250508_001_07_9540.html
20250508,山海共潮生　数智赋八闽（附图片）,陈雨　汪佳琪,企业风采,3326,08574,20250508_002_01_79.html
20250508,从“人防”到“智防”　广东移动打造园区安全新范式,黄博艺　聂圣怡　黎颖欣,,815,08574,20250508_002_02_6066.html
20250508,云南移动完成昆玉河铁路全线5G网络覆盖,记者　倪婷　通讯员　李嘉兴　李和煦,八面来风,622,08574,20250508_002_03_5548.html
20250508,重庆荣昌电信全方位保障卤鹅专场直播,渝欣,八面来风,648,08574,20250508_002_04_9560.html
20250508,盐城联通为黄海湿地博物馆打造AI展示系统,记者　邱少美　通讯员　陈梦莹,八面来风,440,08574,20250508_002_05_5704.html
20250508,临沂铁塔“信号升格”赋能文旅新场景,李春娟,八面来风,443,08574,20250508_002_06_3891.html
20250508,实数融合路上的弄潮儿（附图片）,顾玥,电信的力量　全国劳动模范剪影,1936,08574,20250508_003_01_5192.html
20250508,铸就通信梦的无线网络工匠（附图片）,周序,电信的力量　全国劳动模范剪影,1999,08574,20250508_003_02_5687.html
20250508,追逐核心科技自立自强的建云者（附图片）,郭云,电信的力量　全国劳动模范剪影,2084,08574,20250508_003_03_6193.html
20250508,福建移动以数智之笔勾皴数字山海画卷（附图片）,王柳欣,,3076,08574,20250508_004_01_3114.html
20250508,“硬核”保障护航假日网络需求,陆为,,949,08574,20250508_004_02_3821.html
20250508,“千里眼”守护校园舌尖安全,耿建训　卫子月,,812,08574,20250508_004_03_5513.html
20250508,5G绘就乡村振兴“梅”好图景,许雪凤　苏俊鑫　黎颖欣,,1460,08574,20250508_004_04_7511.html
20250508,图片新闻,,,276,08574,20250508_004_05_251.html
20250508,具身智能开启人机共生的马拉松征程（附图片）,本报记者　李瑞璐　林婧,记者观察,2408,08574,20250508_005_01_4678.html
20250508,十部门：加强无人机、无人车等推广应用,那什,,383,08574,20250508_005_02_5981.html
20250508,烽火通信泰国瑞森光纤基地一期投产,柯文,企业动态,949,08574,20250508_005_03_1352.html
20250508,AI算力驱动产品创新　技术突围布局全球,本报记者　李瑞璐　那什,财报分析,2979,08574,20250508_005_04_7652.html
20250508,聚焦1ms城市算网　构建算力新基座（附图片）,本报记者　徐勇,,1805,08574,20250508_006_01_3386.html
20250508,华为发布AI数据湖解决方案　推动行业智能化加速迈进,华欣,,809,08574,20250508_006_02_5475.html
20250508,百度发布文心大模型4.5 Turbo、X1 Turbo（附图片）,岳悬,,1425,08574,20250508_006_03_2080.html
20250508,首个云超算国标正式发布,理欣,,436,08574,20250508_006_04_8647.html
20250508,努比亚发布手机和平板电脑AI双旗舰（附图片）,仲兴,,942,08574,20250508_006_05_2612.html
20250508,卫星互联网低轨03组卫星成功发射（附图片）,吴宣,,311,08574,20250508_007_01_312.html
20250508,首颗低倾角轨道降水测量卫星正式运行一周年（附图片）,吴宣,,430,08574,20250508_007_02_6927.html
20250508,内蒙古工信厅完成飞船返回无线电安全保障任务（附图片）,刘洋,,859,08574,20250508_007_03_3052.html
20250508,陕西省24名未成年业余无线电爱好者获发电台执照（附图片）,路晓明,,790,08574,20250508_007_04_55.html
20250508,河北省衡水无监局柔性执法引导未成年人依法依规使用电台（附图片）,张洋,,872,08574,20250508_007_05_5654.html
20250508,威海组织开展“五·五”节通联活动,高健,各地快讯,828,08574,20250508_007_06_5765.html
20250508,莆田查处两起私设手机信号放大器案件,蔡俊仁,各地快讯,570,08574,20250508_007_07_6168.html
20250508,驻马店开展防汛无线电安全保障暨行政执法演练,付明佳,各地快讯,711,08574,20250508_007_08_1466.html
20250508,国家高新区“攀高逐新”实现开门红,本报记者　闫岩,,3109,08574,20250508_008_01_5641.html
20250508,图片新闻,,,355,08574,20250508_008_02_7373.html
20250508,透视车企年报：我国汽车产业延续良好发展态势,本报记者　黄潇,,1000,08574,20250508_008_03_4297.html
20250508,以数智化赋能医药工业全链条转型升级,本报记者　颜星,数智化,1364,08574,20250508_008_04_1944.html
20250508,轻工业数字化转型“两步走”迎来新机遇,本报记者　黄潇,数智化,1157,08574,20250508_008_05_2133.html
20250509,为了9500个村寨不掉队！,遥歌　刘炳南　王明霞,电普10年　山乡巨变·塔为你而来,2050,08575,20250509_001_01_6084.html
20250509,国家自然科学基金委员会与中国移动深入合作,记者　宜欣,,502,08575,20250509_001_02_6454.html
20250509,柯瑞文出席数字福建25周年研讨会,殿欣,,1105,08575,20250509_001_03_6679.html
20250509,巧借“歌坡”说反诈（图片）,,,290,08575,20250509_001_04_4167.html
20250509,“联通一针一线”　编织中小企业数智转型样本,本报记者　蔡旸　杨玲玲,,3480,08575,20250509_001_05_1078.html
20250509,河北部署推动万兆光网试点建设工作,李永佳　王宏林,,612,08575,20250509_001_06_7800.html
20250509,一季度我国规上互联网企业完成业务收入同比增长1.4％,记者　吴皓琨,,444,08575,20250509_001_07_2072.html
20250509,重庆移动助“万兆全光网络街区”在渝落地,记者　姜玉洁　通讯员　何甜甜　杨希　康雅莉,,1056,08575,20250509_002_01_3366.html
20250509,老年人用上了AI（图片）,,,245,08575,20250509_002_02_4556.html
20250509,为了9500个村寨不掉队！,遥歌　刘炳南　王明霞,电普10年　山乡巨变·塔为你而来,2050,08575,20250509_002_03_4095.html
20250509,中移金科发布灵犀金融科技智能体,记者　黄飞扬,八面来风,572,08575,20250509_002_04_8063.html
20250509,陕西铁塔护航三秦“五一”文旅热潮,记者　周婉意,八面来风,582,08575,20250509_002_05_9274.html
20250509,伊春联通开启钼矿业5G云智能仓储时代,温俊平,八面来风,539,08575,20250509_002_06_8809.html
20250509,“联通一针一线”　编织中小企业数智转型样本,本报记者　蔡旸　杨玲玲,,3480,08575,20250509_002_07_4086.html
20250509,支持民营经济组织依法参与数据要素市场建设,王春晖,,2402,08575,20250509_003_01_2618.html
20250509,公司投入大量资源构建的AI模型被他人使用时，应当如何维权？,薛兴华,举案说法,2094,08575,20250509_003_02_7769.html
20250509,将防诈指南化作亲切乡音（图片）,,,238,08575,20250509_003_03_4282.html
20250509,AI著作权之争：人类智慧不应被算法淹没,王志高,安苑法评,1134,08575,20250509_003_04_5275.html
20250509,“云取证”系统助力涉案资金“一键回家”,,,494,08575,20250509_003_05_5151.html
20250509,难忘的“装电话热”,王建宙,邮电故事,2727,08575,20250509_004_01_9563.html
20250509,花开漫山（图片）,,佳片欣赏,99,08575,20250509_004_02_6855.html
20250509,杭州电报业务正式退市（附图片）,周文渊,通信时空,978,08575,20250509_004_03_8915.html
20250509,《通用人工智能标准、评级、测试与架构》发布（附图片）,苏晓,荐书,945,08575,20250509_004_04_8638.html
20250509,在书中感悟世界和人生,李国斌,随笔,1463,08575,20250509_004_05_2319.html
20250512,深入贯彻中央八项规定精神学习教育中央第四指导组指导督导工业和信息化部见面会召开,记者　熊俊林,,910,08576,20250512_001_01_9953.html
20250512,5G信号满格守护绿水青山（图片）,,,252,08576,20250512_001_02_617.html
20250512,创新突围　有序发展　AI产业飞向新高,本报记者　李晓东,,1799,08576,20250512_001_03_7908.html
20250512,2025中国产业转移发展对接活动（四川）在成都举行,记者　熊俊林,,692,08576,20250512_001_04_5795.html
20250512,工信部召开2025年审计工作会议,记者　李丽霞,,944,08576,20250512_001_05_7914.html
20250512,北京联通双万兆AI赋能行动正式发布,记者　郭佳,,836,08576,20250512_001_06_8058.html
20250512,辽宁推动5G+智慧农业协同创新发展,通讯员　宋波　记者　李世民,,524,08576,20250512_001_07_1931.html
20250512,联通文旅在2025数字中国创新大赛喜获佳绩,韦广林　王欢,,1617,08576,20250512_002_01_5410.html
20250512,联通元景可信数据空间（保定）及高质量数据集发布,通讯员　刘超　洪海燕　记者　崔哲,,649,08576,20250512_002_02_3637.html
20250512,图片新闻,,,352,08576,20250512_002_03_7718.html
20250512,AI热浪来袭！广东联通人工智能科普集市吸引市民游客云集,粤小沃,,1573,08576,20250512_002_04_9522.html
20250512,太原移动5G护航400余万人畅游太原,记者　赵馨,八面来风,693,08576,20250512_002_05_8639.html
20250512,天津联通全视界科技小屋2.0开启新体验,记者　阎筠　通讯员　刘霞,八面来风,501,08576,20250512_002_06_9390.html
20250512,河池电信助公安摧毁一校园GOIP诈骗链条,李晟熠　华东妮,八面来风,542,08576,20250512_002_07_9905.html
20250512,丽水铁塔与市总工会签订战略合作协议,记者　周琤琤　通讯员　梁梦绮,八面来风,468,08576,20250512_002_08_645.html
20250512,发展人工智能　要抓住核心行稳致远（附图片）,苏晓,专家视点,1828,08576,20250512_003_01_962.html
20250512,《数字中国发展指标体系》发布,苏德悦,行业动态,911,08576,20250512_003_02_9099.html
20250512,实数融合成为引领我国经济发展重要动力,苏德悦,,1566,08576,20250512_003_03_6630.html
20250512,山东省发布数字强省建设工作要点,子千,政策发布,805,08576,20250512_003_04_3911.html
20250512,河南将开展数据要素市场培育行动,子千,政策发布,885,08576,20250512_003_05_7340.html
20250512,武汉加快数字经济高质量发展,宗合,政策发布,666,08576,20250512_003_06_6094.html
20250512,安徽电信纪委“四精四筑”促进纪检工作提质增效,李靖　孙启彬,,1034,08576,20250512_004_01_6192.html
20250512,反诈不停歇　筑牢假期安全防线（图片）,,,181,08576,20250512_004_02_8057.html
20250512,漯河电信“五个聚焦”做实做细日常监督工作,张恒,,932,08576,20250512_004_03_5663.html
20250512,山西联通“5G+”赋能解州关帝庙景区智慧化保护,姜雨君,基层党建亮点,1008,08576,20250512_004_04_200.html
20250512,重庆电信开展深入贯彻中央八项规定精神学习教育,李琦,党建动态,728,08576,20250512_004_05_6033.html
20250512,宁夏铁塔深入推进“讲担当、治懒政”专项行动,孙启明　贾艳丽,党建动态,446,08576,20250512_004_06_2657.html
20250512,六安移动以“三个显性化”开展党建赋能专项活动,吕涛　刘梅,党建动态,562,08576,20250512_004_07_56.html
20250512,枣庄联通以“能上能下”机制培育新时代青年铁军,周雪燕,党建动态,782,08576,20250512_004_08_8181.html
20250513,一杯奶茶的“5G含量”有多少？,本报记者　王欢,5G赋能千行百业·“扬帆”行动再升级,2371,08577,20250513_001_01_166.html
20250513,5G-A织就“数字花梯”（图片）,,,287,08577,20250513_001_02_210.html
20250513,黑龙江联通发布人工智能CAPTAIN领航计划,纪明珠　张帆　裴立鹏,,1295,08577,20250513_001_03_8925.html
20250513,《中国网络法治发展报告（2024年）》发布,记者　吴皓琨,,459,08577,20250513_001_04_4589.html
20250513,今年将选择34个左右城市开展中小企业数字化转型城市试点工作,记者　布轩,,1074,08577,20250513_001_05_8755.html
20250513,广西算力调度平台发布,通讯员　覃颖知　记者　黄祯光,,926,08577,20250513_001_06_225.html
20250513,厦门电信推出福建首个智能文史侨史平台,陈丹莹,,726,08577,20250513_002_01_2694.html
20250513,无锡电信开展“送母亲一支康乃馨”活动（图片）,,,234,08577,20250513_002_02_8997.html
20250513,潍坊移动AI+大数据解决方案赋能特殊教育,通讯员　尹艺媛　马立伟　记者　陈珂,,694,08577,20250513_002_03_5568.html
20250513,一杯奶茶的“5G含量”有多少？,本报记者　王欢,5G赋能千行百业·“扬帆”行动再升级,2371,08577,20250513_002_04_3704.html
20250513,新疆电信“智”守群众生命通道,记者　喻瑛,,680,08577,20250513_002_05_7553.html
20250513,十堰联通以“三心”护航旅游旺季通信畅通,余巨能,,612,08577,20250513_002_06_9171.html
20250513,中国通建在5000米高原架起“信息天路”,钟建馨,八面来风,625,08577,20250513_002_07_7290.html
20250513,福建移动5G-A助力2025苏迪曼杯通信“加速度”,记者　王柳欣,八面来风,629,08577,20250513_002_08_5301.html
20250513,天翼云赋能重庆荣昌“荣e游”激活特色旅游经济,汪予乐,八面来风,857,08577,20250513_002_09_284.html
20250513,鸿蒙电脑破局　国产PC迎来生态重塑,本报记者　杨赞,,2430,08577,20250513_003_01_9591.html
20250513,世界人形机器人运动会将于8月15日在京举办（附图片）,记者　邓聪,,1041,08577,20250513_003_02_180.html
20250513,从“经验驱动”到“标准驱动”　推动人工智能高质量数据集建设,李荪　樊威　曹峰,,2286,08577,20250513_003_03_209.html
20250513,算力,,新闻关键词,412,08577,20250513_003_04_6510.html
20250513,618,,新闻关键词,259,08577,20250513_003_05_6355.html
20250513,AI算力基础设施（附图片）,,新闻关键词,387,08577,20250513_003_06_4907.html
20250513,守护数字疆域展现巾帼风采（附图片）,供稿　中国移动集团工会,全国劳动模范风采录（一）;精神如炬照亮奋斗路,1421,08577,20250513_004_01_169.html
20250513,以数智之力书写辽宁振兴新篇（附图片）,供稿　中国移动集团工会,全国劳动模范风采录（一）;精神如炬照亮奋斗路,2176,08577,20250513_004_02_3793.html
20250513,在逐梦星河中谱写牧歌（附图片）,供稿　中国移动集团工会,全国劳动模范风采录（一）;精神如炬照亮奋斗路,1540,08577,20250513_004_03_7390.html
20250513,浙江信息通信业纵深推进沿海公共通信网络建设（附图片）,本报记者　陈灵刚,,1829,08577,20250513_005_01_7753.html
20250513,黑龙江通管局开展大兴安岭林区全网通基站试验（附图片）,王贵峰,,814,08577,20250513_005_02_4891.html
20250513,上海信息通信业助力申城地铁全面迈入5G时代,张素　胡静,,1380,08577,20250513_005_03_6112.html
20250513,山东通管局加快提升县级信息通信发展办事机构工作能力,通讯员　董云鹏　记者　刘伟,行业动态,661,08577,20250513_005_04_3858.html
20250513,辽宁通管局与辽宁消防救援总队签署应急通信保障战略合作框架协议,通讯员　宋有帅　记者　李世民,行业动态,598,08577,20250513_005_05_7972.html
20250513,广西推进标识解析体系“贯通八桂”行动计划落地见效,滕燕,行业动态,593,08577,20250513_005_06_3968.html
20250513,贵州信息通信业推进防范治理电信网络诈骗工作,周伟,行业动态,505,08577,20250513_005_07_4012.html
20250513,数说“五一”,连欣,企业风采,2841,08577,20250513_006_01_6596.html
20250513,智算平台助力视听产业创新发展,高殊,,444,08577,20250513_006_02_7109.html
20250513,图片新闻,,,238,08577,20250513_006_03_5742.html
20250513,我与AI助手如何斗智斗勇？,东润,,1446,08577,20250513_006_04_7190.html
20250513,AI赋能数字影像实现新突破,丁汀　金俊波　顾宇,,564,08577,20250513_006_05_4618.html
20250513,AI反诈大模型显神通,冯辉阳　李智影,,513,08577,20250513_006_06_854.html
20250513,玩得“老广”啦，果然够广州,张书乐,乐游记　（442）,1353,08577,20250513_006_07_9962.html
20250513,以匠心守初心　这是他们的答案（附图片）,连欣,,2615,08577,20250513_007_01_839.html
20250513,赵月香：实干担当树标杆　巾帼服务绽芳华,姜雨君,服务之星,1371,08577,20250513_007_02_334.html
20250513,敢破局　敢担当　为他们点赞！,任勇　刘耀文,工信先模风采,1407,08577,20250513_007_03_6986.html
20250513,广告,,,0,08577,20250513_008_01_9322.html
20250514,祖国大陆最南端　5G与菠萝IP双向奔赴,通讯员　张耘　本报记者　黎颖欣,电普10年　山乡巨变·“移”起向新　数智兴农,1225,08578,20250514_001_01_7695.html
20250514,镇江电信“信号升格”护航文旅经济（图片）,,,246,08578,20250514_001_02_5279.html
20250514,5G-A×AI智慧景区在福州烟台山率先建成,记者　吴锦芬　通讯员　吴少君,,476,08578,20250514_001_03_6964.html
20250514,辽宁铁塔与辽宁省气象局签署战略合作协议,黄安妮　徐文浩,,735,08578,20250514_001_04_6743.html
20250514,通信技术试验卫星十九号成功发射,杭煊,,345,08578,20250514_001_05_3104.html
20250514,《2025年数字乡村发展工作要点》印发,网轩,,1016,08578,20250514_001_06_2174.html
20250514,中国联通哈尔滨区域性国际通信业务出入口局建设启动,杨惠　张胜奎,,808,08578,20250514_001_07_9809.html
20250514,河南三家基础运营商牵头制造、种植、教育领域省级人工智能行业赋能中心建设,余轩,,366,08578,20250514_001_08_5965.html
20250514,中国联通牵头两项目成功入选“宽带网络+健康乡村”应用典型试点项目（附图片）,吴方　鄂建宇　曹一菲,,1256,08578,20250514_002_01_2736.html
20250514,湖北联通在华中智·云数据中心建设千卡智算推理中心,通讯员　王皎皎　记者　肖璇,,780,08578,20250514_002_02_4261.html
20250514,广东移动“校园学生群体识别模型”助力精准反诈,通讯员　高崇博　记者　黎颖欣,,562,08578,20250514_002_03_9110.html
20250514,图片新闻,,,343,08578,20250514_002_04_305.html
20250514,荆门联通客户日公益行动护航全国肢残人轮椅马拉松赛,汪梦云,,595,08578,20250514_002_05_4234.html
20250514,福建移动灭火救援“空中尖兵”为平安“加码”,记者　王柳欣,,494,08578,20250514_002_06_4009.html
20250514,中国移动算网协同技术应用成果获天津市科技进步奖一等奖,李倩珺　方瑞,八面来风,567,08578,20250514_002_07_7743.html
20250514,山西联通召开2025年科技创新暨人工智能合作伙伴大会,王丽,八面来风,733,08578,20250514_002_08_3898.html
20250514,盐城电信联合公安打造反诈技术标杆,祁霄霄,八面来风,731,08578,20250514_002_09_2636.html
20250514,陕西移动在咸阳开通全省首个万兆工厂园区,记者　赵毅,,1226,08578,20250514_003_01_2910.html
20250514,云南移动打造云南最大千卡智算集群,记者　薛颖雯　倪婷,,955,08578,20250514_003_02_8722.html
20250514,情系护士节　服务暖人心（图片）,,,192,08578,20250514_003_03_5094.html
20250514,菏泽联通“智慧天眼”全天候守护黄河流域生态家园（附图片）,陈芳　于朝运,,1172,08578,20250514_003_04_917.html
20250514,北京移动迎来首位“双万兆”用户,记者　高殊,基层一线,750,08578,20250514_003_05_6678.html
20250514,新疆电信保障阿克苏沙尘天气通信畅通,喻瑛,基层一线,770,08578,20250514_003_06_8434.html
20250514,中国移动香港公司联合咪咕公司上线UTV视频平台短剧频道,记者　朱祈锐　通讯员　张瀚文,基层一线,365,08578,20250514_003_07_2922.html
20250514,阳泉移动5G-A基站登顶千年雄关,张东华　王少伟,基层一线,790,08578,20250514_003_08_2427.html
20250514,5G网络覆盖北京“地下东六环”（附图片）,赵亮,信号升格　铁塔在行动,1448,08578,20250514_004_01_8692.html
20250514,让信号跨越山河（附图片）,本报记者　周婉意,信号升格　铁塔在行动,1238,08578,20250514_004_02_5743.html
20250514,北京市加速推动区块链创新发展,若水,“新”观察,1048,08578,20250514_004_03_6201.html
20250514,辽宁联通打造5G-A万兆地铁示范线（附图片）,王彦博　金旺,一线快讯,759,08578,20250514_004_04_7779.html
20250514,黄山电信守护5G基站“避雷甲”（附图片）,汪劼　申云亮,一线快讯,304,08578,20250514_004_05_6341.html
20250514,临汾移动打破冰洞“信息壁垒”,王力　卢毅挺,一线快讯,390,08578,20250514_004_06_6020.html
20250515,工业和信息化部召开青年工作座谈会,记者　李丽霞,,1035,08579,20250515_001_01_7641.html
20250515,《人民邮电》报数字报刊系统今日正式上线,,,732,08579,20250515_001_02_6537.html
20250515,上海铁塔智能运维点亮网络信号“坐标”（图片）,,,306,08579,20250515_001_03_2086.html
20250515,五位“小巨人”企业代表讲述奋斗故事,本报记者　苏德悦　李伟欢,工信先模风采,2626,08579,20250515_001_04_9450.html
20250515,工信部印发《通信建设工程质量提升和安全生产行动方案（2025—2027年）》,记者　李瑞璐,,768,08579,20250515_001_05_9385.html
20250515,全国首个人工智能气象MaaS平台在上海发布,记者　蔡家宜,,638,08579,20250515_001_06_7803.html
20250515,中国铁塔亮相长三角国际应急减灾和救援博览会,记者　塔欣,,656,08579,20250515_001_07_4216.html
20250515,全球首例！我国量子密码技术实现双重加密,殿欣,,1569,08579,20250515_002_01_5168.html
20250515,5G专网平台推动木雕非遗传承（图片）,,,282,08579,20250515_002_02_2983.html
20250515,山西移动高品质网络筑牢村超“信息底座”,赵琳　张莎莎,,690,08579,20250515_002_03_3028.html
20250515,宁夏电信筑牢极端场景通信“生命线”,陈佳璐,,697,08579,20250515_002_04_4160.html
20250515,中国电信云计算内蒙古信息园项目入选国家第二批绿色低碳先进技术示范项目清单,记者　佟欣,八面来风,615,08579,20250515_002_05_4377.html
20250515,广东移动加速推动AI深度融入生活,记者　黎颖欣,八面来风,783,08579,20250515_002_06_3823.html
20250515,五位“小巨人”企业代表讲述奋斗故事,本报记者　苏德悦　李伟欢,工信先模风采,2626,08579,20250515_002_07_9898.html
20250515,电波传薪火　筑网护安澜（附图片）,本报记者　张金然,,3054,08579,20250515_003_01_8779.html
20250515,中国代表团完成国际电信联盟无线电通信部门第五研究组5B工作组会议参会任务,吴宣,,440,08579,20250515_003_02_6083.html
20250515,星时代27至38星成功发射工信部提供频轨资源支撑,吴宣,,266,08579,20250515_003_03_7194.html
20250515,山东举办无线电监测联网联动应急演练,郅仁慧　潘盈,各地快讯,706,08579,20250515_003_04_5037.html
20250515,浙江启动“电波助企创新发展”系列普法活动（附图片）,张雅婷　潘陆岩,各地快讯,720,08579,20250515_003_05_6852.html
20250515,河池开展FAST实地保护性监测与项目站址考察,陆云禛,各地快讯,423,08579,20250515_003_06_3198.html
20250515,许凌云志　争第一流（附图片）,供稿　中国移动集团工会,全国劳动模范风采录（二）;精神如炬照亮奋斗路,4776,08579,20250515_004_01_6032.html
20250515,数字浪潮中展“巾帼风采”（附图片）,供稿　中国移动集团工会,全国劳动模范风采录（二）;精神如炬照亮奋斗路,4776,08579,20250515_004_02_4883.html
20250515,奋斗之花绚烂绽放（附图片）,供稿　中国移动集团工会,全国劳动模范风采录（二）;精神如炬照亮奋斗路,4776,08579,20250515_004_03_3751.html
20250515,5G加了个A，你手机用上了吗？（附图片）,本版撰文　吴皓琨　张鸣,,3856,08579,20250515_005_01_7564.html
20250515,存力觉醒　解码数据要素时代的破局之路,本报记者　徐勇,,1875,08579,20250515_006_01_9471.html
20250515,三星Galaxy S系列超轻薄前卫力作登场,莫文,,465,08579,20250515_006_02_306.html
20250515,山东召开双万兆创新发展推进会　加速双万兆试点建设,记者　刘彤,,1436,08579,20250515_006_03_5669.html
20250515,广告,,,0,08579,20250515_006_04_3777.html
20250515,莫让网约车成了偷拍“重灾区”,本报记者　赵乐瑄,人邮时评,1471,08579,20250515_007_01_8499.html
20250515,全球最大金矿企业纽蒙特矿业用爱立信5G实现“云挖矿”（附图片）,艾欣,,934,08579,20250515_007_02_81.html
20250515,市场监管总局和中消协联合发布直播带货消费提示,肖欣,,1171,08579,20250515_007_03_13.html
20250515,智能终端操作系统研讨会在京召开　推动应用软件市场公平竞争,滕欣,,795,08579,20250515_007_04_7670.html
20250515,美团主导编制的无人机安全国际标准发布,梅欣,热点追踪,689,08579,20250515_007_05_8176.html
20250515,百度文心解决方案入选智能体育典型案例,杜欣,热点追踪,523,08579,20250515_007_06_7599.html
20250515,中国智能手机一季度出货量同比增长9％,泽亮,热点追踪,619,08579,20250515_007_07_5491.html
20250515,2025年全球AR设备出货量增长将超四成,王玉,热点追踪,591,08579,20250515_007_08_7220.html
20250515,广告,,,0,08579,20250515_008_01_7329.html
20250517,把握数字机遇　共享数字红利,本报记者　张佳丽,,2751,08580,20250517_001_01_5747.html
20250517,在数字化转型中实现性别平等,,,566,08580,20250517_001_02_8579.html
20250517,“黑科技”迎接数智全运（图片）,,,340,08580,20250517_001_03_7973.html
20250517,国际通信沧桑巨变　中国力量崛起东方（附开栏的话）,本报记者　郭庆婧,国际电联成立160周年（1865-2025）,3294,08580,20250517_001_04_2526.html
20250517,工信部召开第十四次制造业企业座谈会,记者　李丽霞,,609,08580,20250517_001_05_9986.html
20250517,中国移动发布“三大回馈计划”暨515移动爱家日品牌IP,记者　钟凌江,,653,08580,20250517_001_06_5698.html
20250517,2025雄安北斗生态合作大会成功召开,时新,,734,08580,20250517_001_07_4105.html
20250517,今日导读,,,26,08580,20250517_001_08_7415.html
20250517,江西信息通信业：数字赋能，点亮高质量发展新图景（附图片）,本报记者　殷丽萍,,2957,08580,20250517_002_01_9605.html
20250517,江西电信　数智力量助力红土圣地高质量发展,汤扉　陈章辉,,897,08580,20250517_002_02_3053.html
20250517,江西联通　数智融合赋能新型工业化,金丹,,974,08580,20250517_002_03_4890.html
20250517,江西移动　ICT新质生产力赋能锂电产业,王席传,,927,08580,20250517_002_04_2649.html
20250517,江西广电　筑基数字江西　融创赣网未来,杨振宇　朱善童,,970,08580,20250517_002_05_9838.html
20250517,江西铁塔　筑牢数智基座　赋能新质未来,刘志强　段咪,,1004,08580,20250517_002_06_3850.html
20250517,浙江信息通信业：智联潮头浙先行，数通四海谱新篇（附图片）,陈灵刚,,1973,08580,20250517_003_01_2672.html
20250517,浙江电信　云网筑基　数智赋能（附图片）,吴灿　顾瑾,,970,08580,20250517_003_02_3475.html
20250517,浙江联通　数智引擎　澎湃浙里（附图片）,王啸涛,,955,08580,20250517_003_03_1193.html
20250517,浙江移动　数智焕新　澎湃共富力量,陈珊,,981,08580,20250517_003_04_4810.html
20250517,浙江铁塔　以信息通信设施现代化发展谱共富新篇（附图片）,周琤琤,,973,08580,20250517_003_05_3848.html
20250517,华数集团　启数智赋新篇　助共富走在先（附图片）,陈靓　张霞红　罗和颖　陈述,,795,08580,20250517_003_06_7689.html
20250517,数智赋能　共享“京”彩　北京信息通信业赋能首都经济社会高质量发展（附图片）,李瑞璐　刘梦阳,,1516,08580,20250517_004_01_7274.html
20250517,勇担使命　先行示范　浙江信息通信业现代化发展助力“共同富裕”（附图片）,陈灵刚,,1451,08580,20250517_004_02_1323.html
20250517,上海信息通信业创新驱动　书写高质量发展新篇章（附图片）,杨冠宇　胡静,,1476,08580,20250517_004_03_2179.html
20250517,数实融合　青海信息通信业助推数字经济高质量发展,魏学晶,,750,08580,20250517_004_04_3418.html
20250517,在数字化转型中实现性别平等　四川信息通信业担当建设网络强省（附图片）,何飞　郭欢,,856,08580,20250517_004_05_6732.html
20250517,以人为本　智能向善（附图片）,中国电信集团有限公司党组书记、董事长　柯瑞文,,1575,08580,20250517_005_01_3414.html
20250517,中国电信：筑息壤　摘星辰　全面拥抱人工智能（附图片）,撰文／曾娅,,3410,08580,20250517_005_02_7151.html
20250517,中国电信按下人工智能落地创效加速键（附图片）,本版撰文　张鸣,,5676,08580,20250517_006_01_1735.html
20250517,中国电信按下人工智能落地创效加速键（附图片）,本版撰文　张鸣,,5676,08580,20250517_007_01_545.html
20250517,人工智能时代天翼云的“蝶变”（附图片）,本版撰文　张佳丽　徐书馨,,4184,08580,20250517_008_01_536.html
20250517,拥抱数智时代潮流　共促普惠包容发展（附图片）,中国移动通信集团有限公司党组书记、董事长　杨杰,,1414,08580,20250517_009_01_8034.html
20250517,锚定信息消费“新三样”　中国移动开启智能生活新篇章（附编者按、图片）,丛文,,3290,08580,20250517_009_02_7869.html
20250517,聚焦“三者定位”　中国移动擘画AI+崭新图景（附图片）,本版撰文　杨洋　临江　乐舒,,4099,08580,20250517_010_01_2604.html
20250517,聚焦“三者定位”　中国移动擘画AI+崭新图景（附图片）,本版撰文　杨洋　临江　乐舒,,4099,08580,20250517_011_01_1686.html
20250517,数字天路连北疆　移动力量绘新篇（附图片）,高昕,“移”起向新　数智兴农,4074,08580,20250517_012_01_9936.html
20250517,坚持融合创新　推动数智普惠（附图片）,中国联通集团有限公司党组书记、董事长　陈忠岳,,1396,08580,20250517_013_01_3486.html
20250517,中国联通：融合创新　向新前行（附图片）,撰文／郭佳,,3133,08580,20250517_013_02_4888.html
20250517,城乡“同网同速”　告别“信息孤岛”（附图片）,,,557,08580,20250517_013_03_812.html
20250517,网络向新　更快更好（附图片）,遥歌,,2827,08580,20250517_014_01_6684.html
20250517,技术向新　智领未来（附图片）,本版撰文　杨扬,,4440,08580,20250517_015_01_8584.html
20250517,服务向新　再开新局（附图片）,本版撰文　毕冉　叶曜坤,,4667,08580,20250517_016_01_936.html
20250517,加速数字化转型　促进平等普惠发展（附图片）,中国铁塔股份有限公司党委书记、董事长　张志勇,,2129,08580,20250517_017_01_6433.html
20250517,中国铁塔：数智赋能　共筑普惠数字未来（附图片）,撰文／李玥,,1081,08580,20250517_017_02_3968.html
20250517,数字化转型铁塔“她力量”（附图片）,,,1424,08580,20250517_017_03_2565.html
20250517,“数智明珠”让壮美广西熠熠生辉（附图片）,黄祯光,,6389,08580,20250517_018_01_7925.html
20250517,山东移动全力推进“双万兆”网络建设　打造产业数字化转型新引擎（附图片）,陈珂　傅传家　程家印,,5103,08580,20250517_019_01_4261.html
20250517,广东联通“快叻之城”助力城市智能化转型（附图片）,邓颖瑶　姚瑞卿,,2687,08580,20250517_020_01_9516.html
20250517,广州联通全面发力“低空赛道”（附图片）,金秋　杜沅臻,,2301,08580,20250517_020_02_1646.html
20250517,中国信科集团党委书记、董事长　何书平（附图片）,,,748,08580,20250517_021_01_2486.html
20250517,中兴通讯董事长　方榕（附图片）,,,621,08580,20250517_021_02_1049.html
20250517,通用技术中国邮电器材集团有限公司党委书记、董事长　钱涛（附图片）,,,733,08580,20250517_021_03_5017.html
20250517,华为中国运营商解决方案部长　黄雒蒙（附图片）,,,406,08580,20250517_021_04_7561.html
20250517,爱立信中国区总裁　方迎（附图片）,,,766,08580,20250517_021_05_1873.html
20250517,高通公司中国区董事长　孟樸（附图片）,,,650,08580,20250517_021_06_4050.html
20250517,诺基亚贝尔首席执行官　马博策（附图片）,,,841,08580,20250517_021_07_9348.html
20250517,长飞光纤光缆股份有限公司执行董事兼总裁　庄丹（附图片）,,,505,08580,20250517_022_01_7495.html
20250517,亨通集团总裁　崔巍（附图片）,,,750,08580,20250517_022_02_9744.html
20250517,新紫光集团联席总裁　文兵（附图片）,,,682,08580,20250517_022_03_3561.html
20250517,中天科技集团总裁　薛驰（附图片）,,,514,08580,20250517_022_04_437.html
20250517,紫光股份董事长、新华三集团总裁兼首席执行官　于英涛（附图片）,,,589,08580,20250517_022_05_9752.html
20250517,北京浩瀚深度信息技术股份有限公司董事长　张跃（附图片）,,,727,08580,20250517_022_06_5633.html
20250517,广告,,,0,08580,20250517_022_07_771.html
20250517,中国电信浙江公司多项创新应用焕新升级（附图片）,顾瑾　阳阳,,2629,08580,20250517_023_01_4555.html
20250517,中国电信云南公司：用数字温度传递民生暖意（附图片）,亢一凡　龚楚童,,2522,08580,20250517_023_02_8808.html
20250517,浙江移动以数智力量助建共富示范区（附图片）,陈珊,,2788,08580,20250517_024_01_995.html
20250517,数智兴农为乡村振兴注入“硬核”科技动能（附图片）,高珊,“移”起向新　数智兴农,1880,08580,20250517_024_02_2169.html
20250517,重庆电信：5G-A和万兆网络双重发力　为产业和生活加速（附图片）,周序　包楠,,1827,08580,20250517_025_01_4620.html
20250517,宁夏电信赋能数字转型新突破（附图片）,宋立芸　陈佳璐,,2944,08580,20250517_025_02_1350.html
20250517,云南移动发布“三大回馈计划+云智农链平台”（附图片）,倪婷　蔡雨含,,2396,08580,20250517_026_01_6105.html
20250517,辽宁移动助力实现全面振兴新突破（附图片）,宋思铭,,2607,08580,20250517_026_02_8809.html
20250517,重庆移动在“8D”山城构建数字新脉络（附图片）,但巧姝,,3817,08580,20250517_027_01_3944.html
20250517,八闽乘“数”廿五载　数智联通向新行（附图片）,叶天然　柯研,,2708,08580,20250517_028_01_1457.html
20250517,广告,,,0,08580,20250517_028_02_5599.html
20250517,她力量·编者按,,她力量,94,08580,20250517_029_01_6054.html
20250517,王晓云　女性科技工作者新征程上持续绽放璀璨光芒（附图片）,谷伟　钟凌江,她力量,1404,08580,20250517_029_02_9349.html
20250517,陈银　创新的本质是发展也是普惠（附图片）,曾娅,她力量,1051,08580,20250517_029_03_4532.html
20250517,窦笠　科技创新与产业创新深度融合　加快培育发展新质生产力（附图片）,郝雅楠　吴启程　遥歌,她力量,950,08580,20250517_029_04_3571.html
20250517,孙蔚　从技术革新到价值重塑　数字化赋能企业培训（附图片）,广闻,她力量,933,08580,20250517_029_05_4394.html
20250517,王鑫　女性力量重塑数智通信新图景（附图片）,杨扬,她力量,1050,08580,20250517_029_06_9922.html
20250517,黄北宁　女性在数字经济中扮演重要角色（附图片）,璋蕴,她力量,901,08580,20250517_029_07_7073.html
20250517,深化数智融合创新　宁夏移动让数字之光闪耀塞上江南（附图片）,王珏　苏向宁,,2312,08580,20250517_030_01_2858.html
20250517,守护烟火气与安全感　四川移动发布四大场景AI+智慧化服务应用,黄粟　贾旖旎,,1647,08580,20250517_030_02_6488.html
20250517,广西移动“五心服务”解码壮乡数智新篇章（附图片）,申蓓　钱霞,,1207,08580,20250517_030_03_1007.html
20250517,上海联通：执AI之笔　共绘上海科创高地新蓝图,蔡家宜　叶一纬,,3336,08580,20250517_031_01_3838.html
20250517,国际通信沧桑巨变　中国力量崛起东方（附开栏的话）,本报记者　郭庆婧,国际电联成立160周年（1865-2025）,3294,08580,20250517_031_02_5664.html
20250517,把握数字机遇　共享数字红利,本报记者　张佳丽,,2751,08580,20250517_031_03_7573.html
20250517,湖北移动助力数字乡村水务建设让村民喝上“放心水”,王政,,585,08580,20250517_031_04_3.html
20250517,5G助力解锁桑皮纸的不朽奥秘（图片）,,,293,08580,20250517_031_05_6936.html
20250517,广告,,,0,08580,20250517_032_01_1980.html
20250519,2025年世界电信和信息社会日暨国际电信联盟成立160周年纪念活动在南昌举行（附图片）,记者　邓聪,,1057,08581,20250519_001_01_6966.html
20250519,4月快递业务收入同比增长10.8％,记者　李玥,,542,08581,20250519_001_02_9884.html
20250519,中国移动党组举办深入贯彻中央八项规定精神学习教育第三期读书班暨专题辅导报告会,记者　宜欣,锲而不舍落实中央八项规定精神,1917,08581,20250519_001_03_9711.html
20250519,“2025年信息通信暖心服务十件实事”发布,记者　邓聪,,897,08581,20250519_001_04_6207.html
20250519,算力互联网试验网建设正式启动,记者　邓聪,,849,08581,20250519_001_05_8447.html
20250519,中国联通正式发布“智家通通”产品,记者　叶曜坤,,762,08581,20250519_001_06_8636.html
20250519,加快发展ICT新质生产力　共筑美好数字未来（附图片）,殿欣,,1736,08581,20250519_002_01_6875.html
20250519,智启新篇　普惠无界（附图片）,连欣,,914,08581,20250519_002_02_1703.html
20250519,共筑数智底座　共创新质未来（附图片）,遥歌,,1433,08581,20250519_002_03_8270.html
20250519,打造新质生产力　共创数智新未来（附图片）,宜欣,,1587,08581,20250519_002_04_2045.html
20250519,建强新型广电网　以数智化赋能千行百业（附图片）,广闻,,1077,08581,20250519_002_05_6543.html
20250519,山东电信举办“云改数转智惠”生态合作发展大会（附图片）,徐强　程国林,,2681,08581,20250519_003_01_6498.html
20250519,新疆电信发布AI创新应用产品,喻瑛　周芸,,1062,08581,20250519_003_02_4882.html
20250519,中国电信广东首个万兆体验厅落地深圳,陈少浩,,632,08581,20250519_003_03_9100.html
20250519,中国电信研究院发布“弹性智联网络”创新实践成果,翼研,,623,08581,20250519_003_04_9961.html
20250519,黑龙江电信“美好家”构建家庭数字化服务新生态,綦悠悠,,1256,08581,20250519_003_05_4996.html
20250519,上海移动推动“AI万兆、AI生活、AI生态”新升级（附图片）,陆为,,2878,08581,20250519_004_01_2343.html
20250519,陕西移动共筑“双万兆×AI”新生活（附图片）,赵毅,,2195,08581,20250519_004_02_2798.html
20250519,万兆联通　快启AI生活（附图片）,王啸涛,,2022,08581,20250519_005_01_5900.html
20250519,广告,,,0,08581,20250519_005_02_164.html
20250519,2025年世界电信和信息社会日研讨会在京召开,企欣,,1848,08581,20250519_006_01_6641.html
20250519,辐射科普走进市民生活（图片）,,,197,08581,20250519_006_02_8430.html
20250519,海南移动“5G-A+万兆光网”双引擎发布,记者　欧燕燕　通讯员　符曼曼,,542,08581,20250519_006_03_6123.html
20250519,宿迁铁塔“5·17电信日”活动进社区,宿宗,,433,08581,20250519_006_04_7288.html
20250519,天津举办“智联未来：通信与AI重塑生活”主题纪念活动,记者　韩若旻　阎筠　通讯员　张凡,,1058,08581,20250519_006_05_2319.html
20250519,聊城联通为十大古寺构建高速智能信息网络,陈金岭,八面来风,771,08581,20250519_006_06_8041.html
20250519,江苏东台电信“护航”西溪泰山新村安置区智能化建设,刘家志,八面来风,526,08581,20250519_006_07_3461.html
20250519,咸宁联通开展客户日活动赋能“银龄”美好生活,吴捷,,510,08581,20250519_006_08_5732.html
20250519,中国移动党组举办深入贯彻中央八项规定精神学习教育第三期读书班暨专题辅导报告会,记者　宜欣,锲而不舍落实中央八项规定精神,1917,08581,20250519_006_09_8877.html
20250519,湖北联通5G+AI“智”敬千年茶道,殷婷　孙文娟　肖璇,,1325,08581,20250519_007_01_9413.html
20250519,南通移动部署卫星通信系统助力远海渔政执法,吴静　王蕾　高亦超,,675,08581,20250519_007_02_5347.html
20250519,手机成为“新农具”　直播助农显成效（图片）,,美丽乡村,235,08581,20250519_007_03_6225.html
20250519,山东电信5G精品网“点亮”农村新未来（附图片）,吕玲全　程国林,,955,08581,20250519_007_04_18.html
20250519,河北联通助力粮食购销穿透式监管,韩晓娜　崔哲,乡村动态,404,08581,20250519_007_05_5423.html
20250519,菏泽联通开展“黄河滩直播助农”活动,陈芳　于朝运,乡村动态,585,08581,20250519_007_06_7837.html
20250519,铜陵铁塔赋能水产种质资源保护,岳琨　陈阳富,乡村动态,521,08581,20250519_007_07_5583.html
20250519,陕西佛坪电信架设大山深处的幸福基站,翟玉斌　秦宣,乡村动态,698,08581,20250519_007_08_8422.html
20250519,广告,,,0,08581,20250519_008_01_5458.html
20250520,坚持科学决策民主决策依法决策　高质量完成“十五五”规划编制工作,,,375,08582,20250520_001_01_8453.html
20250520,4月信息传输、软件和信息技术服务业生产指数同比增长10.4％,记者　苏德悦,,765,08582,20250520_001_02_2642.html
20250520,一季度数字产业业务收入同比增长9.4％,记者　布轩,,1051,08582,20250520_001_03_9958.html
20250520,湖上麦收　5G数智来“护航”（图片）,,,353,08582,20250520_001_04_9913.html
20250520,频谱共治　联动未来,布轩,国际电联成立160周年（1865-2025）,2150,08582,20250520_001_05_9890.html
20250520,中国电信亚洲快链（ALC）国际通信海底光缆成功登陆海南陵水,记者　龚宝莉,,599,08582,20250520_001_06_7906.html
20250520,首款抗量子安全手机发布,记者　连欣,,619,08582,20250520_001_07_1146.html
20250520,中国联通：党建引领　科技赋能文化建设·编者按,,中国联通：党建引领　科技赋能文化建设,452,08582,20250520_002_01_2943.html
20250520,浙江联通：以“科技+”助力文旅行业出圈出彩（附图片）,吴佳丽,中国联通：党建引领　科技赋能文化建设,2411,08582,20250520_002_02_9315.html
20250520,贵州联通：数字赋能苗乡侗寨新体验（附图片）,潘定学　江茜茜,中国联通：党建引领　科技赋能文化建设,1492,08582,20250520_002_03_8664.html
20250520,联通数科：数智赋能博物馆与智慧文旅　践行文化强国使命担当（附图片）,赵莹莹,中国联通：党建引领　科技赋能文化建设,1471,08582,20250520_002_04_4001.html
20250520,天津联通：数智赋能文博事业　让博物馆焕发智慧新生机,庞新月,中国联通：党建引领　科技赋能文化建设,1027,08582,20250520_002_05_4431.html
20250520,新疆联通：科技赋能文化遗产保护传承（附图片）,杨红,中国联通：党建引领　科技赋能文化建设,1597,08582,20250520_002_06_7823.html
20250520,中国联通：党建引领　科技赋能文化建设·编者按,,中国联通：党建引领　科技赋能文化建设,452,08582,20250520_003_01_2471.html
20250520,浙江联通：以“科技+”助力文旅行业出圈出彩（附图片）,吴佳丽,中国联通：党建引领　科技赋能文化建设,2411,08582,20250520_003_02_269.html
20250520,贵州联通：数字赋能苗乡侗寨新体验（附图片）,潘定学　江茜茜,中国联通：党建引领　科技赋能文化建设,1492,08582,20250520_003_03_4760.html
20250520,联通数科：数智赋能博物馆与智慧文旅　践行文化强国使命担当（附图片）,赵莹莹,中国联通：党建引领　科技赋能文化建设,1471,08582,20250520_003_04_9582.html
20250520,天津联通：数智赋能文博事业　让博物馆焕发智慧新生机,庞新月,中国联通：党建引领　科技赋能文化建设,1027,08582,20250520_003_05_173.html
20250520,新疆联通：科技赋能文化遗产保护传承（附图片）,杨红,中国联通：党建引领　科技赋能文化建设,1597,08582,20250520_003_06_6316.html
20250520,做中国移动“力量大厦”的一块基石（附图片）,供稿　中国移动集团工会,全国劳动模范风采录（三）;精神如炬照亮奋斗路,1081,08582,20250520_004_01_9887.html
20250520,让匠心在铸就梦想中闪光（附图片）,供稿　中国移动集团工会,全国劳动模范风采录（三）;精神如炬照亮奋斗路,1227,08582,20250520_004_02_8214.html
20250520,扎根通信服务一线的数字先锋（附图片）,供稿　中国移动集团工会,全国劳动模范风采录（三）;精神如炬照亮奋斗路,1149,08582,20250520_004_03_6846.html
20250520,在世界屋脊唱响奉献之歌（附图片）,供稿　中国移动集团工会,全国劳动模范风采录（三）;精神如炬照亮奋斗路,1145,08582,20250520_004_04_3190.html
20250521,李乐成主持召开工信部就业促进工作领导小组会议,记者　李丽霞,,852,08583,20250521_001_01_3483.html
20250521,九部门联合发文加快推进科技服务业高质量发展,记者　布轩,,700,08583,20250521_001_02_7999.html
20250521,《数字中国建设2025年行动方案》部署8个方面重大行动,杨扬,,974,08583,20250521_001_03_4439.html
20250521,万兆联通快启AI生活（图片）,,,346,08583,20250521_001_04_9388.html
20250521,“百城千园行”加速工业互联网规模化应用　激活园区数字化转型新动能,本报记者　邓聪,,2030,08583,20250521_001_05_6616.html
20250521,中国电信召开2025年全国劳动模范和先进表彰座谈会,记者　殿欣,,1434,08583,20250521_001_06_1539.html
20250521,“和美乡途”文旅帮扶平台上线,记者　吴皓琨,,860,08583,20250521_001_07_4392.html
20250521,湖南联通全景发布科技创新核心能力,覃琴,,1493,08583,20250521_002_01_456.html
20250521,“百城千园行”加速工业互联网规模化应用　激活园区数字化转型新动能,本报记者　邓聪,,2030,08583,20250521_002_02_1191.html
20250521,通信服务不服“暑”（图片）,,,232,08583,20250521_002_03_4833.html
20250521,甘肃联通启动5G-A与万兆光网全面落地商用,记者　李静　通讯员　苏静,,743,08583,20250521_002_04_8082.html
20250521,武汉8小区同步跨入“万兆”时代（附图片）,记者　王云鹤,,623,08583,20250521_002_05_8774.html
20250521,广东联通发布四大AI系列产品,记者　邓颖瑶,八面来风,743,08583,20250521_002_06_1285.html
20250521,潍坊移动云网融合赋能科创全链服务,记者　陈珂　通讯员　尹艺媛,八面来风,656,08583,20250521_002_07_929.html
20250521,宿迁铁塔与市气象局共推智慧气象与低空经济融合发展,王德国,八面来风,624,08583,20250521_002_08_2534.html
20250521,数字科技绘就乡村振兴新图景,吴皓琨　田硕,一线动态,1830,08583,20250521_003_01_6157.html
20250521,“明白消费”催生“放心感知”（图片）,,,354,08583,20250521_003_02_6715.html
20250521,中国电信完成全球首次400G/800G融合速率ROADM网络现网试点,翼研,,809,08583,20250521_003_03_5378.html
20250521,陕西铁塔与顺丰合作共推物流智慧绿色转型升级,周婉意,,863,08583,20250521_003_04_2597.html
20250521,辽宁移动五个升级七大帮扶激活乡村振兴新引擎（附图片）,宋思铭,“移”起向新　数智兴农,1999,08583,20250521_003_05_8015.html
20250521,工业大省“挑大梁”：夯实工业基本盘　打造发展新引擎（附图片）,本报记者　颜星,,4105,08583,20250521_004_01_4174.html
20250521,我国消费品工业加快向“新”向好发展（附图片）,本报记者　陈相龙,,2730,08583,20250521_004_02_5582.html
20250522,加快算力互联网建设　构建AI时代新型信息基础设施,本报记者　邓聪,,2401,08584,20250522_001_01_6607.html
20250522,《推动上海市基础电信企业高质量发展的指导意见》印发,记者　刘彤　杨冠宇,,627,08584,20250522_001_02_3477.html
20250522,中国电信在老挝发布天通手机直连卫星业务,记者　殿欣,,1036,08584,20250522_001_03_3261.html
20250522,保障“哈洽会”通信畅通　搭建对外经贸数字桥梁（图片）,,,269,08584,20250522_001_04_7391.html
20250522,标准联通世界　共筑数字文明新底座,布轩,国际电联成立160周年（1865-2025）,1941,08584,20250522_001_05_1171.html
20250522,鸿蒙电脑正式发布,记者　徐勇,,1014,08584,20250522_001_06_5235.html
20250522,中国电信亮相第12届警博会,,,1168,08584,20250522_002_01_8265.html
20250522,标准联通世界　共筑数字文明新底座,布轩,国际电联成立160周年（1865-2025）,1941,08584,20250522_002_02_5328.html
20250522,图片新闻,,,364,08584,20250522_002_03_7787.html
20250522,上海电信发布AI深度融合产品,记者　钱立富,,707,08584,20250522_002_04_1567.html
20250522,湖北移动AI赋能绿色监管升级　织密低空环境生态网,王政,,868,08584,20250522_002_05_2922.html
20250522,人工智能生成合成内容标识政策法规宣讲会（重庆站）在重庆电信举办,渝欣,八面来风,720,08584,20250522_002_06_29.html
20250522,湖南联通举办“智家通通”产品品鉴会,覃琴,八面来风,867,08584,20250522_002_07_3525.html
20250522,杭州电信助力西湖景区数智化升级,通讯员　谢冰茜　记者　顾瑾,八面来风,645,08584,20250522_002_08_8803.html
20250522,在循环中建立秩序：“二次号码焕新”服务重塑个人信息保护格局,本报记者　满全勇,人邮时评,1808,08584,20250522_003_01_1053.html
20250522,数字浪潮助力推进山东新型工业化（附图片）,本报记者　刘彤,,2215,08584,20250522_003_02_1029.html
20250522,河北通管局召开深入贯彻中央八项规定精神学习教育再动员再部署会议,通讯员　姚文艳　记者　王宏林,行业动态,609,08584,20250522_003_03_6532.html
20250522,《2025年数字福建工作要点》发布　扎实推进数字中国建设综合试点,记者　吴锦芬,行业动态,685,08584,20250522_003_04_458.html
20250522,山西通管局组织开展跨域应急通信拉动演练,通讯员　王飞　记者　侯佩瑾,行业动态,654,08584,20250522_003_05_2577.html
20250522,甘肃通管局部署推进“明白办、放心用”等重点工作,通讯员　蒲欣仪　记者　许圣时,行业动态,538,08584,20250522_003_06_5295.html
20250522,科技感　新潮玩,王欢　焦蕾稚　王啸涛　曹一菲,企业风采,2536,08584,20250522_004_01_4427.html
20250522,5G赋能甜蜜经济　白梨瓜变“致富瓜”（图片）,,,226,08584,20250522_004_02_5439.html
20250522,数智赋能　创新升级（附图片）,王政,,1073,08584,20250522_004_03_6510.html
20250522,广东发布30类“人工智能+”应用场景,叶青,,681,08584,20250522_004_04_8027.html
20250522,5G融合跨域网络智慧护航长江黄金水道,王留琴,,713,08584,20250522_004_05_1709.html
20250522,“老广”们都喜欢玩仙侠,张书乐,乐游记　（443）,1167,08584,20250522_004_06_3964.html
20250522,长飞公司：用更亮的光，照向智算时代更远的地方（附图片）,柯文,企业风采,2549,08584,20250522_005_01_1330.html
20250522,2024年度信息通信领域十大科技进展发布,邓聪,行业动态,1190,08584,20250522_005_02_5834.html
20250522,商务部新闻发言人就美国企图全球禁用中国先进计算芯片发表谈话,晓文,,899,08584,20250522_005_03_1092.html
20250522,烽火通信携手合作伙伴攻克万兆光网关键技术,封欣,企业发布,786,08584,20250522_005_04_7035.html
20250522,高通推出第四代骁龙7移动平台（附图片）,晓君,企业发布,785,08584,20250522_005_05_4239.html
20250522,聚力推动1ms城市算网建设　激活数字经济发展新动能（附图片）,本报记者　邓聪,,2024,08584,20250522_006_01_1416.html
20250522,中兴通讯首席发展官崔丽探讨新形势下中资企业出海之道（附图片）,仲兴,,2282,08584,20250522_006_02_2069.html
20250522,秦淮数据入选全国首批算力态势感知监测试点企业,潇栋,,591,08584,20250522_006_03_5009.html
20250522,2025搜狐科技年度论坛在京举办,岳悬,,710,08584,20250522_006_04_9577.html
20250522,阿里开源新一代通义千问模型Qwen3（附图片）,理欣,,892,08584,20250522_006_05_731.html
20250522,推动全球电波传播发展的中国智慧（附图片）,吴宣,,1909,08584,20250522_007_01_8610.html
20250522,国际电信联盟无线电通信部门第四研究组下设工作组会议圆满举办,吴宣,,1339,08584,20250522_007_02_480.html
20250522,梧州：召开梧州南站铁路无线电频率用频安全协调会（附图片）,张丹丹,,763,08584,20250522_007_03_1227.html
20250522,工信部协调频轨资源　助力天启星座4颗卫星成功发射,吴宣,,292,08584,20250522_007_04_6092.html
20250522,天仪系列6颗卫星成功发射　工信部完成频率协调相关工作,吴宣,,302,08584,20250522_007_05_3528.html
20250522,浙江启动规范无线电发射设备生产销售专项行动,沈彪,各地快讯,740,08584,20250522_007_06_6804.html
20250522,龙岩护航龙岩新机场“一号工程”,龙轩,各地快讯,1034,08584,20250522_007_07_113.html
20250522,欧盟健康数据空间建设成果初现,中国电信研究院　宋杰,,2420,08584,20250522_008_01_6617.html
20250522,法国让·扎伊超级计算机完成第四次扩展,罗毓,,430,08584,20250522_008_02_3698.html
20250522,国际劳工组织：AI和数字化正在改变职业安全与健康,王娅楠,,797,08584,20250522_008_03_1053.html
20250522,广告,,,0,08584,20250522_008_04_8164.html
20250523,第九届金砖国家工业部长会议在巴西利亚召开,记者　熊俊林,,1455,08585,20250523_001_01_747.html
20250523,中国移动与香港大学设立联合创新中心,记者　宜欣,,375,08585,20250523_001_02_9881.html
20250523,三部门联合发文推进IPv6规模部署和应用,记者　苏德悦,,1366,08585,20250523_001_03_4711.html
20250523,畅通网络守护抵边路（图片）,,,213,08585,20250523_001_04_9699.html
20250523,深化普惠合作　共创数字未来,布轩,国际电联成立160周年（1862-2025）,2036,08585,20250523_001_05_4823.html
20250523,沪深北交易所中战略性新兴产业上市公司已接近2700家,记者　苏德悦,,728,08585,20250523_001_06_5932.html
20250523,“低空技术”“机器人”有望成为今年高招热门专业,本报记者　李宣璋,人邮时评,1470,08585,20250523_002_01_8514.html
20250523,西宁移动创新打造“AI+适老”服务体系（附图片）,通讯员　刘洲巍　记者　邢淑静,,559,08585,20250523_002_02_9813.html
20250523,江西联通5G-A护航无人机邮路航线首飞成功,记者　金丹　通讯员　丁维,,623,08585,20250523_002_03_4240.html
20250523,长三角枢纽芜湖集群算力公共服务平台正式接入中国移动五岳纪元量子云平台,记者　钱一鸣　李欢欢,,801,08585,20250523_002_04_2787.html
20250523,四川移动打造万兆光网制造业示范园区,记者　黄粟　通讯员　谭强　李可,,596,08585,20250523_002_05_580.html
20250523,湖南联通防欺凌平台守护校园净土,覃琴,,590,08585,20250523_002_06_9321.html
20250523,绍兴电信助力无人机资源高效利用,记者　顾瑾　通讯员　金佳锋,,517,08585,20250523_002_07_5704.html
20250523,深化普惠合作　共创数字未来,布轩,国际电联成立160周年（1862-2025）,2036,08585,20250523_002_08_7947.html
20250523,确保政务数据安全　打通数据共享壁垒,王春晖,,1864,08585,20250523_003_01_7171.html
20250523,四部门启动“剑网2025”专项行动,,,898,08585,20250523_003_02_5865.html
20250523,法治赋能通信铁塔　筑牢高质量发展根基,刘丽娟　滕洪,,944,08585,20250523_003_03_3408.html
20250523,“爱心翼站”筑防线　反诈宣传护“银发”（图片）,,,303,08585,20250523_003_04_9055.html
20250523,互联网账号“一键解绑”让“二次号码焕新”服务更好用,何勇海,安苑法评,1146,08585,20250523_003_05_4744.html
20250523,超出免费主叫时长收费　法院认定通信公司合规,陈玉春,举案说法,1171,08585,20250523_003_06_9063.html
20250523,大力支持、大胆使用青年科技人才·编者按,,大力支持、大胆使用青年科技人才,248,08585,20250523_004_01_7686.html
20250523,激发青年科技人才创新创造活力,胡世良,大力支持、大胆使用青年科技人才,1202,08585,20250523_004_02_7681.html
20250523,重庆电信打造西部一流研发队伍　大数据和AI赋能“数字重庆”建设,谭可　周序,大力支持、大胆使用青年科技人才;实践,1348,08585,20250523_004_03_5399.html
20250523,十年树木　百年树人　山西联通实施青年人才“树人计划”,李斌　李晓健,大力支持、大胆使用青年科技人才;实践,1316,08585,20250523_004_04_5908.html
20250523,萍乡电信助力青年人才展翅高飞,陈占凤,大力支持、大胆使用青年科技人才;实践,876,08585,20250523_004_05_7554.html
20250523,立科技强国之志　做央企青创先锋（附图片）,本报记者　宋思铭　通讯员　彭丽书婉,大力支持、大胆使用青年科技人才;风采,1065,08585,20250523_004_06_7509.html
20250526,中国工业互联网重构中国制造基因,本报记者　杨赞,,2641,08586,20250526_001_01_9846.html
20250526,2025工业互联网大会在苏州举办,记者　杨赞,,670,08586,20250526_001_02_4295.html
20250526,“国家网络身份认证”7月15日起施行,网轩,,675,08586,20250526_001_03_9165.html
20250526,京沪高铁宿州北段5G-A全线开通（图片）,,,255,08586,20250526_001_04_1951.html
20250526,一体推进“学查改”　中国联通持续提升学习教育成果质效,连宣,锲而不舍落实中央八项规定精神,1825,08586,20250526_001_05_3447.html
20250526,中国移动举办2025年中资出海数智赋能合作大会,记者　宜欣,,728,08586,20250526_001_06_8203.html
20250526,“整治涉企网络‘黑嘴’”专项行动启动,网轩,,701,08586,20250526_001_07_4679.html
20250526,内蒙古联通：数智力量让乡村变了样,本报记者　宫丽华,,1380,08586,20250526_002_01_6313.html
20250526,5G赏花　畅享“满格”幸福（图片）,,,269,08586,20250526_002_02_1845.html
20250526,广东高州电信低空无人机为鲜果运输开辟“空中走廊”,冯渝彬,,875,08586,20250526_002_03_8280.html
20250526,中国联通入选国务院国资委“首批央企人工智能行业高质量数据集”名单,连欣,,1543,08586,20250526_002_04_6200.html
20250526,德阳联通“联通数村”赋能“柏树”振兴,罗梁　刘杨,,717,08586,20250526_002_05_1499.html
20250526,中国工业互联网重构中国制造基因,本报记者　杨赞,,2641,08586,20250526_002_06_618.html
20250526,一体推进“学查改”　中国联通持续提升学习教育成果质效,连宣,锲而不舍落实中央八项规定精神,1825,08586,20250526_002_07_2876.html
20250526,9.4％背后的动能与新机（附图片）,本报记者　苏德悦,人邮时评,2032,08586,20250526_003_01_581.html
20250526,发挥产业链协同优势　帮助互联网行业中小企业更快发展,苏晓,专家视点,1147,08586,20250526_003_02_7337.html
20250526,数字经济独角兽企业成为新质生产力发展重要引擎,苏德悦,,1967,08586,20250526_003_03_9018.html
20250526,天津：打造有全国影响力的人工智能赋能应用引领区,宗合,政策发布,729,08586,20250526_003_04_4377.html
20250526,江苏：到2027年数字经济核心产业增加值达1.8万亿元,苏晓,政策发布,833,08586,20250526_003_05_6011.html
20250526,广西电信以作风建设新成效促进高质量发展,胡学阳　赵国云　黄祯光,,1204,08586,20250526_004_01_2711.html
20250526,山东宁阳移动党支部让数智春风暖万家（图片）,,,313,08586,20250526_004_02_8757.html
20250526,郑州电信以高质量监督淬炼干部高质量成长,寇文,,609,08586,20250526_004_03_859.html
20250526,铜陵铁塔一体推进“查学改”三向发力抓落实,岳琨　陈阳富,,667,08586,20250526_004_04_1076.html
20250526,甘肃电信纪委推动重构廉洁风险防控“三道防线”,于洁,,858,08586,20250526_004_05_4478.html
20250526,盐城电信“廉建5分钟”赋能廉洁教育长效化,孟青青,党建动态,813,08586,20250526_004_06_827.html
20250526,衡水移动巧用“三道加法”扎实开展学习教育,耿建训,党建动态,786,08586,20250526_004_07_7697.html
20250526,鸡西联通以党建引领激发基层单元活力,姜继敏　赵静　刘长胜,党建动态,849,08586,20250526_004_08_156.html
20250527,推动精神文明建设高质量发展　为强国建设民族复兴提供强大精神力量,,,1155,08587,20250527_001_01_8991.html
20250527,工信部等四部门部署开展2025年“百场万企”大中小企业融通对接活动,记者　李晓东,,501,08587,20250527_001_02_6604.html
20250527,工信部党组召开第四轮巡视工作动员部署会,记者　李丽霞,,1312,08587,20250527_001_03_9196.html
20250527,踏遍千山万水　念好5G“山海经”（图片）,,,263,08587,20250527_001_04_4237.html
20250527,到2030年培育100家左右全国数智供应链领军企业,记者　李晓东,,1445,08587,20250527_001_05_7452.html
20250527,澳门（横琴）国际数据中心启动,通讯员　牛茹　记者　邓颖瑶,,468,08587,20250527_001_06_4484.html
20250527,鲲鹏、昇腾生态吸引超665万名开发者,记者　徐勇,,535,08587,20250527_001_07_6568.html
20250527,见证·移动通信之光（附图片）,本版撰文　宜轩,移动红色故事;“25年奋进路”系列报道,8919,08587,20250527_002_01_2569.html
20250527,见证·移动通信之光（附图片）,本版撰文　宜轩,移动红色故事;“25年奋进路”系列报道,8919,08587,20250527_003_01_1290.html
20250527,通联世界担使命　合启新元向未来,中国信息通信研究院,国际电联成立160周年（1865-2025）,2252,08587,20250527_004_01_4601.html
20250527,升级基站设备　助建“宽带海疆”（图片）,,,245,08587,20250527_004_02_4949.html
20250527,陕西电信发布家庭桌面AI机器人（附图片）,马岚　秦宣,,722,08587,20250527_004_03_3713.html
20250527,浙江电信开展老年教育领域校企合作,记者　顾瑾　通讯员　徐洁,八面来风,657,08587,20250527_004_04_2428.html
20250527,深圳电信实现宝安机场5G-A全覆盖,陈少浩,八面来风,704,08587,20250527_004_05_1107.html
20250527,昆明移动联合昆明公安上线AI数智人“春晓”,倪婷　李正颖,八面来风,540,08587,20250527_004_06_4898.html
20250527,潍坊联通巧用废旧风扇解高温运维困局,李翌宁,八面来风,640,08587,20250527_004_07_7506.html
20250527,筑就全域信息新底座　共绘城乡山海新画卷（附图片）,本报记者　陈灵刚,,1554,08587,20250527_005_01_3664.html
20250527,青海通管局积极推进电信业务“明白办、放心用”行动,刘海伟　张利成,,596,08587,20250527_005_02_6672.html
20250527,“互联网+生态治理”推动甘肃数字治沙取得新成效,梁婧,,1860,08587,20250527_005_03_9886.html
20250527,河北信息通信业开展“燕赵固网2025”网络安全能力提升行动,记者　王宏林,行业动态,780,08587,20250527_005_04_3895.html
20250527,贵州通管局印发电信领域数据安全事件应急预案,谢品宇　周伟,行业动态,632,08587,20250527_005_05_4043.html
20250527,济南市通信发展办助力打造“泉城济南”文旅名片（附图片）,通讯员　徐宏　记者　刘伟,行业动态,604,08587,20250527_005_06_8993.html
20250527,中国联通以数智能力赋能中小企业升级,崔亮亮　王欢,企业风采,3063,08587,20250527_006_01_1643.html
20250527,5G助力文旅盛会“云上出圈”（图片）,,,275,08587,20250527_006_02_6271.html
20250527,“AI+新制造”赋能纺织产业智能化转型,吴轶欧　顾瑾,,511,08587,20250527_006_03_3011.html
20250527,“荣e游”助力打造智慧文旅新形态,李祯　周序,,553,08587,20250527_006_04_397.html
20250527,中央网信办持续加强信息推荐算法治理,王歆,,1132,08587,20250527_006_05_531.html
20250527,如果深圳没有腾讯……,张书乐,乐游记　（444）,1367,08587,20250527_006_06_481.html
20250527,探秘石板桥村的“数字蝶变”,通讯员　谢小霞　本报记者　陈念,,1543,08587,20250527_007_01_8310.html
20250527,瓜田丰收季　5G助农“数智”同行（图片）,,,268,08587,20250527_007_02_908.html
20250527,为民服务暖民心　十大实事践初心,廖玉萍　苏静　李静,服务有道,983,08587,20250527_007_03_7178.html
20250527,山高路远挡不住　联通筑网暖人间,柴奕娜,服务有道,1093,08587,20250527_007_04_2869.html
20250527,湖北移动提醒　警惕话费“慢充”诈骗新手段,记者　王政,一线服务,836,08587,20250527_007_05_6475.html
20250527,崇左电信借力AI助警方破获诈骗案,李尉田　华东妮,一线服务,410,08587,20250527_007_06_3942.html
20250527,烈焰前逆行　联通智家工程师化身“救火英雄”,冯飞　李静,,1013,08587,20250527_007_07_5654.html
20250527,弥合数字鸿沟　释放女性数字化发展新潜能,本报记者　邓聪,,1874,08587,20250527_008_01_8104.html
20250527,以“星火·链网”超级节点（苏州）为支点　撬动长三角数字经济高质量发展,杨赞,,926,08587,20250527_008_02_4884.html
20250527,多维度构筑工业互联网安全体系（附图片）,杨赞,专家视点,1027,08587,20250527_008_03_9437.html
20250527,本期话题　智能网联汽车,,圆周荟;本期话题　智能网联汽车,260,08587,20250527_008_04_7661.html
20250527,在创新浪潮中筑牢“安全防火墙”,苗云辉,圆周荟;本期话题　智能网联汽车,672,08587,20250527_008_05_6677.html
20250527,为智能网联汽车系好“安全带”,王君兰,圆周荟;本期话题　智能网联汽车,729,08587,20250527_008_06_3562.html
20250527,智能网联汽车：安全先行　规范发展,马小江,圆周荟;本期话题　智能网联汽车,629,08587,20250527_008_07_8072.html
20250527,征稿启事,,圆周荟,379,08587,20250527_008_08_3544.html
20250528,海拔4500米！藏族同胞共赴“云端”幸福路,本报记者　刘亚廷　明久泽珣　通讯员　旦增扎西,电普10年　山乡巨变·“翼”路相伴,2940,08588,20250528_001_01_6559.html
20250528,中办、国办发文完善中国特色现代企业制度,,,626,08588,20250528_001_02_1358.html
20250528,前4个月我国电信业务总量同比增长8.2％,记者　刘彤,,785,08588,20250528_001_03_8921.html
20250528,AI赋能　绘就风吹麦浪好“丰”景（图片）,,,345,08588,20250528_001_04_569.html
20250528,《网络交易平台收费行为合规指南》面向社会征求意见,记者　李瑞璐,,1266,08588,20250528_001_05_1258.html
20250528,中国电信举办“红色电信讲堂”主题宣讲会,记者　殿欣,,772,08588,20250528_001_06_1786.html
20250528,辽宁信息通信业聚力赋能新型工业化,通讯员　韩宁　记者　李世民,,838,08588,20250528_001_07_7743.html
20250528,长城与黄河“握手”　科技同旅游交融（附图片）,本报记者　毕冉　通讯员　解宇蓉　杨春,,1602,08588,20250528_002_01_7092.html
20250528,“三步工作法”精细化运营降本增效,刘承凯,,1010,08588,20250528_002_02_7241.html
20250528,2025年前4个月通信业经济运行情况（附图片）,布轩,统计公报,1626,08588,20250528_002_03_2454.html
20250528,辽宁联通获省委省政府通报表扬,杨沐　金旺,八面来风,565,08588,20250528_002_04_8050.html
20250528,中国移动推出自研多语言翻译大模型,苏萌　李倩珺,八面来风,410,08588,20250528_002_05_8798.html
20250528,江苏电信新型压缩技术降低存储成本,柏林,八面来风,491,08588,20250528_002_06_5641.html
20250528,5G-A低空应急“链”　托起生命“稳稳救援线”（图片）,,,408,08588,20250528_002_07_4610.html
20250528,“京”石为开　共绘智算星河（附图片）,李佳　张婧,,2179,08588,20250528_003_01_9338.html
20250528,5G+AI赋能景宁山区“流动医院”数智诊疗（附图片）,潘宇杰　陈珊,一线动态,1837,08588,20250528_003_02_4628.html
20250528,中国移动AI助手“赛赛”伴游赛里木湖,李倩珺　康钟毓,,606,08588,20250528_003_03_3285.html
20250528,池州铁塔深化5G共建共享,杨凯,,394,08588,20250528_003_04_8794.html
20250528,海拔4500米！藏族同胞共赴“云端”幸福路,本报记者　刘亚廷　明久泽珣　通讯员　旦增扎西,电普10年　山乡巨变·“翼”路相伴,2940,08588,20250528_003_05_8470.html
20250528,盘点那些有情有义的基站（附图片）,本版撰文　蒋水林　邸雅婷,塔为你而来,2660,08588,20250528_004_01_2036.html
20250529,边城秘境格林村，咋就成了“网红村”？,本报记者　姚春鸽,电普10年　山乡巨变,2570,08589,20250529_001_01_9416.html
20250529,零容忍！多方联合整治“开盒”乱象,,,530,08589,20250529_001_02_2031.html
20250529,工信部等三部门印发《电子信息制造业数字化转型实施方案》,记者　苏德悦,,970,08589,20250529_001_03_4803.html
20250529,守护老年群体通信安全（图片）,,,256,08589,20250529_001_04_548.html
20250529,AI“火眼”赋能钢铁智造,本报记者　王政,5G赋能千行百业·“扬帆”行动再升级,1120,08589,20250529_001_05_4114.html
20250529,安徽通管局多维度推进反诈工作,束强　夏云,,528,08589,20250529_001_06_1632.html
20250529,福建铁塔助力高速路巡检“空中看”,游浏煜　陈蕴琪,,698,08589,20250529_001_07_6309.html
20250529,致力技术研究　贡献中国智慧,供稿单位　国家无线电监测中心,国际电联成立160周年（1865-2025）,1900,08589,20250529_002_01_435.html
20250529,中国电信“低空经济+智慧物流”项目落地济宁（图片）,,,311,08589,20250529_002_02_9858.html
20250529,北京移动助力优质教育均衡发展,记者　高殊,,763,08589,20250529_002_03_492.html
20250529,四川电信推出“夜修服务”,王志飞,,842,08589,20250529_002_04_3688.html
20250529,唐山电信创新低空通信保障体系,刘泽航,八面来风,605,08589,20250529_002_05_837.html
20250529,咸宁网络基础设施建设迈入万兆时代,程剑军　吴捷,八面来风,590,08589,20250529_002_06_7209.html
20250529,边城秘境格林村，咋就成了“网红村”？,本报记者　姚春鸽,电普10年　山乡巨变,2570,08589,20250529_002_07_3018.html
20250529,稳就业惠民生　平台企业彰显担当,本版撰文　赵乐瑄　毕冉,,4771,08589,20250529_003_01_2171.html
20250529,创新领航　匠心筑梦（附图片）,欧燕燕　李静,基层一线,2513,08589,20250529_004_01_3765.html
20250529,“技术狂人”的理性与温度,,,497,08589,20250529_004_02_1285.html
20250529,付舞：如果热爱有重量，那一定是76克,桑倩,,905,08589,20250529_004_03_4315.html
20250529,实干担当树标杆　巾帼服务绽芳华,姜雨君,,1238,08589,20250529_004_04_4995.html
20250529,图片新闻,,影像志,299,08589,20250529_004_05_5284.html
20250529,5G-A与AI深度融合　开启移动智能新时代的双重引擎（附图片）,本报记者　徐勇,,2225,08589,20250529_005_01_4976.html
20250529,IPv6：中国企业出海的网络通行证,金瑜,,2156,08589,20250529_005_02_8308.html
20250529,全球首场人形机器人格斗竞技赛举行宇树G1人形机器人激烈对抗,达涌,一周快讯,381,08589,20250529_005_03_479.html
20250529,联想百应智能体1.5版本发布　助力百万中小企业AI升级,达芳,一周快讯,586,08589,20250529_005_04_2972.html
20250529,OPPO发布Reno14系列手机　革新科技潮品体验,文超,一周快讯,573,08589,20250529_005_05_8520.html
20250529,曙光存储中标中国移动全闪存集采　斩获3800万元大单,魏琳,一周快讯,579,08589,20250529_005_06_7551.html
20250529,治理“内卷式”竞争　促进外卖行业高质量发展（附图片）,本报记者　赵乐瑄,人邮时评,1271,08589,20250529_006_01_9471.html
20250529,搜狐一季度总收入1.36亿美元,胡欣,,462,08589,20250529_006_02_9236.html
20250529,百度一季度总营收325亿元,杜欣,,803,08589,20250529_006_03_5318.html
20250529,跨境电商：在变局中谋转型　于创新中破浪前行,本报记者　岳悬,,1875,08589,20250529_006_04_4583.html
20250529,大众点评推出全民监督机制,梅欣,,702,08589,20250529_006_05_6912.html
20250529,饿了么公开配送时间预估算法（附图片）,岳悬,,1278,08589,20250529_006_06_4365.html
20250529,政企紧密协同　赋能电企发展,,,2411,08589,20250529_007_01_2118.html
20250529,宁波无管局完成中国旅游日无人机表演无线电安全保障任务（附图片）,顾玲玲,,897,08589,20250529_007_02_1365.html
20250529,黄山无线电管理局两小时内迅速排查机场应急频率干扰,孙正,,426,08589,20250529_007_03_287.html
20250529,柳州市无线电监测中心开展防御暴雨洪涝灾害桌面推演,罗统森,,437,08589,20250529_007_04_4529.html
20250529,中国代表团完成国际电信联盟无线电通信部门第五研究组5A、5C工作组会议参会任务,吴宣,,456,08589,20250529_007_05_4799.html
20250529,工信部为新型气象探空系统提供频谱资源保障　助力气象部门提升天气精准预报能力,吴宣,,543,08589,20250529_007_06_372.html
20250529,山西省无线电管理局与太原轨道交通集团开展党建联创活动,韩汶宇,各地快讯,568,08589,20250529_007_07_5771.html
20250529,达州市经济和信息化局联合教育部门规范管理手机信号屏蔽器,向涛　明加云,各地快讯,416,08589,20250529_007_08_5198.html
20250529,广告,,,0,08589,20250529_008_01_2518.html
20250530,电信业务“明白办、放心用”，让消费透明无忧（附编者按）,本报记者　邓聪,暖心服务　实事为民,1996,08590,20250530_001_01_9327.html
20250530,第四次中日工业副部级磋商在东京举行,记者　熊俊林,,355,08590,20250530_001_02_9642.html
20250530,中国移动助力中国石油发布3000亿参数昆仑大模型,记者　宜欣,,951,08590,20250530_001_03_5291.html
20250530,科技之“光”　照亮未来（附图片）,封新,,1915,08590,20250530_001_04_2117.html
20250530,遇见数字青铜魂　5G-A续写文明新章,本报记者　李玥,5G赋能千行百业·“扬帆”行动再升级,982,08590,20250530_001_05_1721.html
20250530,敬告读者,,,24,08590,20250530_001_06_8709.html
20250530,山东移动攻坚深度覆盖　筑牢数字生活信号基石（附图片）,陈珂　程家印,一线动态,2634,08590,20250530_002_01_3028.html
20250530,河北巨鹿上线“智慧乡村”平台,记者　耿建训,,765,08590,20250530_002_02_4785.html
20250530,福建移动“AI智能协同”驱动基站节能取得新突破,记者　王柳欣,八面来风,652,08590,20250530_002_03_6384.html
20250530,莆田联通联合仙游县总医院解锁“空中健康通道”,记者　柯研　通讯员　李琳,八面来风,657,08590,20250530_002_04_824.html
20250530,江苏沭阳移动助力DeepSeek应用于12345热线服务,记者　吴静,八面来风,443,08590,20250530_002_05_1541.html
20250530,科技之“光”　照亮未来（附图片）,封新,,1915,08590,20250530_002_06_3738.html
20250530,以标准引领技术创新　以合作共筑数字未来,供稿人　张园　吴彤　王燕川,国际电联成立160周年（1865-2025）,2242,08590,20250530_003_01_4961.html
20250530,国际劳工组织：全球四分之一工作岗位或受生成式人工智能影响（附图片）,石松,,504,08590,20250530_003_02_4426.html
20250530,以标准化推进共同数据空间的互操作,中国电信研究院　柯晓燕,,1935,08590,20250530_003_03_3286.html
20250530,日本出台首部人工智能法,钱铮,环球纵览,454,08590,20250530_003_04_5527.html
20250530,哈萨克斯坦92％政府服务实现线上办理,,环球纵览,410,08590,20250530_003_05_1807.html
20250530,沃达丰启动多年增长计划,晓镜,环球纵览,522,08590,20250530_003_06_5472.html
20250530,AT&T斥资收购光纤资产,晓镜,环球纵览,441,08590,20250530_003_07_7032.html
20250530,遇见你是我的缘,何玲,读者“新”声,2722,08590,20250530_004_01_5506.html
20250530,绿浪衔山（图片）,,佳片欣赏,100,08590,20250530_004_02_4847.html
20250530,西极“电信人”的一天,喻瑛,邮电故事,1043,08590,20250530_004_03_9488.html
20250530,粽叶飘香处　母爱永绵长（附图片）,孟繁广,散文,925,08590,20250530_004_04_7484.html
20250530,时光里的机房,李娜,通信时空,932,08590,20250530_004_05_8889.html
20250603,李乐成主持召开“十五五”工业和信息化规划编制工作专家座谈会,记者　李丽霞,,934,08591,20250603_001_01_8419.html
20250603,工信部协调保障频轨资源　助力天问二号探测器成功发射,布轩,,321,08591,20250603_001_02_4038.html
20250603,中国联通全力落实“明白办、放心用”行动,记者　连欣,暖心服务　实事为民,1028,08591,20250603_001_03_7287.html
20250603,工信部公布2025年规章制定工作计划,布轩,,370,08591,20250603_001_04_9344.html
20250603,机器狗“萌”翻边境儿童！（图片）,,,258,08591,20250603_001_05_5765.html
20250603,工信部印发《算力互联互通行动计划》,记者　苏德悦,,1142,08591,20250603_001_06_2607.html
20250603,山东通管局着力推动信息通信服务更好利民惠民,记者　杨乐　刘伟,暖心服务　实事为民,1140,08591,20250603_001_07_7091.html
20250603,中国移动：以技术创新助推全球信息通信标准发展,供稿人　施南翔　梁平　郁志强　刘娜,国际电联成立160周年（1865-2025）,2002,08591,20250603_002_01_1504.html
20250603,深圳电信发布星辰AI大脑智能体平台,林泓宇　梁佳　张岚岚,,561,08591,20250603_002_02_6503.html
20250603,中国移动“警用AI无人巡逻车”在眉山上岗（图片）,,,335,08591,20250603_002_03_4295.html
20250603,喀什电信按下世界级商贸物流枢纽建设“加速键”,记者　喻瑛,,950,08591,20250603_002_04_2290.html
20250603,天翼物联5G确定网络成果亮相2025工业互联网大会,记者　李静,八面来风,669,08591,20250603_002_05_5853.html
20250603,咸宁联通开展干线线路隐患排查专项整治行动,来鹏举　吴捷,八面来风,565,08591,20250603_002_06_3064.html
20250603,龙岩移动“三件套”助力防患于未“燃”,记者　王柳欣,八面来风,584,08591,20250603_002_07_7933.html
20250603,滨州联通“透明车间”赋能阳信乡村振兴,宋鹏,八面来风,532,08591,20250603_002_08_5082.html
20250603,工业互联网与人工智能双向赋能　驱动园区经济高质量发展（附图片）,本报记者　邓聪,,2039,08591,20250603_003_01_5266.html
20250603,工业数字化是一场马拉松,杨赞,,721,08591,20250603_003_02_9840.html
20250603,2025将是“AI+工业互联网”真正落地的元年,杨赞,,907,08591,20250603_003_03_1716.html
20250603,AI赋能工业互联网　重塑全球智造新生态,杨赞,,896,08591,20250603_003_04_920.html
20250603,新型工业网络体系架构向更开放更先进更自主发展,杨赞,,1536,08591,20250603_003_05_503.html
20250603,虚实共生：AIGC重塑视听产业发展主题研讨在京举办,语沐,,723,08591,20250603_003_06_290.html
20250603,江苏移动党委深化改革勇挑大梁　推动信息服务新升级,苏晓星,,2164,08591,20250603_004_01_8670.html
20250603,图片新闻,,,254,08591,20250603_004_02_985.html
20250603,廊坊联通“四抓四提升”激发抓思政促发展新动能,郝学萍　崔哲,基层党建亮点,1004,08591,20250603_004_03_701.html
20250603,山西移动下好巡察“三步棋”　推动巡察工作提质增效,张莎莎　郭雅楠,党建动态,1048,08591,20250603_004_04_3514.html
20250603,保定电信多措并举打好主动监督牌,郑远征,党建动态,588,08591,20250603_004_05_8361.html
20250603,宿迁铁通以党建引领关怀一线装维员工,贾蔚俊　朱远峰,党建动态,731,08591,20250603_004_06_621.html
20250603,青海信息通信业赋能产业数智化再出新成效（附图片）,本报记者　魏学晶,,1572,08591,20250603_005_01_3761.html
20250603,西藏通管局组织召开“信号升格”专项行动联席会议,记者　陈成广,,655,08591,20250603_005_02_8810.html
20250603,从“万门程控”到数字化“新引擎”,黄如开　黄娜娜,,1785,08591,20250603_005_03_3696.html
20250603,数据价值释放路径更加多元　激发出千姿百态的乘数效应,本报记者　苏德悦,,1795,08591,20250603_005_04_3872.html
20250603,重庆信息通信业完成“应急使命·2025”长江上游防汛抗洪演习和保障任务（附图片）,记者　程慧琳　通讯员　张悦,,740,08591,20250603_005_05_9297.html
20250603,穿越千年　“联通”时空（附图片）,申静文　詹景涛,企业风采,2137,08591,20250603_006_01_8364.html
20250603,5G网络畅通工业互联“高速路”,邱少美　郭启萌,,776,08591,20250603_006_02_6032.html
20250603,“数字哨兵”护航乡村振兴新生态,耿建训　田玲,,722,08591,20250603_006_03_5576.html
20250603,图片新闻,,,211,08591,20250603_006_04_4396.html
20250603,DeepSeek助基层政务系统升级,沈坤　顾宇,,711,08591,20250603_006_05_624.html
20250603,深发展，都上南山打电竞,张书乐,乐游记　（445）,1323,08591,20250603_006_06_7436.html
20250603,“5G+AI”助重症患者“表情达意”,周晨昕,,775,08591,20250603_006_07_9918.html
20250603,数智经纬织就荆楚新图景,本报记者　李玥,,2058,08591,20250603_007_01_642.html
20250603,营业厅里的“端午情”（图片）,,,218,08591,20250603_007_02_2682.html
20250603,5G领航“金麦田”,冯雅令,营销故事,954,08591,20250603_007_03_1528.html
20250603,把情感融入营销中,吕平,各抒己见,672,08591,20250603_007_04_6646.html
20250603,吉林移动推出十项暖心助老举措,高珊,服务有道,419,08591,20250603_007_05_577.html
20250603,甘肃联通为残障人士提供预约上门服务,廖玉萍,服务有道,659,08591,20250603_007_06_2451.html
20250603,襄阳电信营业员识破骗局挽回“养老钱”,许国胜　付树立　王合军,服务有道,587,08591,20250603_007_07_793.html
20250603,“一码通管”推动乡村治理变“智”理,韦发伟　张建健　陆虹妃,,1219,08591,20250603_008_01_956.html
20250603,手机变农具　茂名荔枝枝头甜（附图片）,刘甜　黎颖欣,乡村特写,869,08591,20250603_008_02_4600.html
20250603,安康铁塔为茶产业打开“云端大门”（附图片）,周婉意,,788,08591,20250603_008_03_8719.html
20250603,长春联通构建农村饮水智慧平台,颜莹莹　张博雅　裴佳艺,,991,08591,20250603_008_04_9348.html
20250603,福建南安电信数字智慧农田赋能乡村振兴,刘伟俊,乡村动态,621,08591,20250603_008_05_7064.html
20250603,贵州电信数字乡村平台助力猕猴桃智慧种植,王晨　张伟,乡村动态,726,08591,20250603_008_06_2855.html
20250603,保定移动与河北农业大学发布农业遥感大模型,多朵　耿建训,乡村动态,767,08591,20250603_008_07_3651.html
